<?xml version="1.0" encoding="UTF-8"?>
<maven-project-configuration>
  <resource-processing>
    <maven-module name="FullTextSearch">
      <MavenModuleResourceConfiguration>
        <id>
          <MavenIdBean>
            <groupId>FullTextSearch</groupId>
            <artifactId>FullTextSearch</artifactId>
            <version>1.0-SNAPSHOT</version>
          </MavenIdBean>
        </id>
        <parentId />
        <directory>/home/cuiguangfan/IdeaProjects/FullTextSearch</directory>
        <manifest>TWFuaWZlc3QtVmVyc2lvbjogMS4wDQpCdWlsdC1CeTogY3VpZ3VhbmdmYW4NCkNyZWF0ZWQtQnk6IEludGVsbGlKIElERUENCkJ1aWxkLUpkazogMS44LjBfOTENCg0K</manifest>
        <classpath>scala-library-2.11.8.jar spark-core_2.11-2.0.0.jar avro-mapred-1.7.7.jar avro-ipc-1.7.7.jar avro-1.7.7.jar jackson-core-asl-1.9.13.jar jackson-mapper-asl-1.9.13.jar slf4j-api-1.7.16.jar avro-ipc-1.7.7.jar chill_2.11-0.8.0.jar chill-java-0.8.0.jar kryo-shaded-3.0.3.jar minlog-1.3.0.jar objenesis-2.1.jar xbean-asm5-shaded-4.4.jar hadoop-client-2.2.0.jar hadoop-common-2.2.0.jar hadoop-annotations-2.2.0.jar guava-14.0.1.jar commons-cli-1.2.jar commons-math-2.1.jar xmlenc-0.52.jar commons-httpclient-3.1.jar commons-codec-1.10.jar commons-io-2.4.jar commons-net-2.2.jar log4j-1.2.17.jar commons-lang-2.6.jar commons-configuration-1.6.jar commons-collections-3.2.1.jar commons-digester-1.8.jar commons-beanutils-1.7.0.jar commons-beanutils-core-1.8.0.jar slf4j-log4j12-1.7.16.jar protobuf-java-2.5.0.jar hadoop-auth-2.2.0.jar zookeeper-3.4.5.jar commons-compress-1.4.1.jar hadoop-hdfs-2.2.0.jar jetty-util-6.1.26.jar hadoop-mapreduce-client-app-2.2.0.jar hadoop-mapreduce-client-common-2.2.0.jar hadoop-yarn-common-2.2.0.jar hadoop-yarn-client-2.2.0.jar hadoop-yarn-api-2.2.0.jar guice-3.0.jar javax.inject-1.jar aopalliance-1.0.jar hadoop-mapreduce-client-core-2.2.0.jar hadoop-yarn-server-common-2.2.0.jar hadoop-mapreduce-client-shuffle-2.2.0.jar hadoop-mapreduce-client-jobclient-2.2.0.jar spark-launcher_2.11-2.0.0.jar spark-tags_2.11-2.0.0.jar unused-1.0.0.jar spark-network-common_2.11-2.0.0.jar netty-all-4.0.29.Final.jar jsr305-1.3.9.jar spark-network-shuffle_2.11-2.0.0.jar leveldbjni-all-1.8.jar jackson-databind-2.6.5.jar jackson-annotations-2.6.5.jar spark-unsafe_2.11-2.0.0.jar jets3t-0.7.1.jar curator-recipes-2.4.0.jar curator-framework-2.4.0.jar curator-client-2.4.0.jar javax.servlet-api-3.1.0.jar commons-lang3-3.3.2.jar commons-math3-3.4.1.jar jul-to-slf4j-1.7.16.jar jcl-over-slf4j-1.7.16.jar compress-lzf-1.0.3.jar snappy-java-1.1.2.4.jar lz4-1.3.0.jar RoaringBitmap-0.5.11.jar json4s-jackson_2.11-3.2.11.jar json4s-core_2.11-3.2.11.jar json4s-ast_2.11-3.2.11.jar paranamer-2.3.jar scalap-2.11.0.jar scala-compiler-2.11.0.jar scala-reflect-2.11.8.jar scala-xml_2.11-1.0.2.jar scala-parser-combinators_2.11-1.0.2.jar jersey-client-2.22.2.jar javax.ws.rs-api-2.0.1.jar jersey-common-2.22.2.jar hk2-api-2.4.0-b34.jar hk2-utils-2.4.0-b34.jar aopalliance-repackaged-2.4.0-b34.jar javax.inject-2.4.0-b34.jar hk2-locator-2.4.0-b34.jar javassist-3.18.1-GA.jar javax.annotation-api-1.2.jar jersey-guava-2.22.2.jar osgi-resource-locator-1.0.1.jar jersey-server-2.22.2.jar jersey-media-jaxb-2.22.2.jar validation-api-1.1.0.Final.jar jersey-container-servlet-2.22.2.jar jersey-container-servlet-core-2.22.2.jar mesos-0.21.1.jar netty-3.8.0.Final.jar stream-2.7.0.jar metrics-core-3.1.2.jar metrics-jvm-3.1.2.jar metrics-json-3.1.2.jar metrics-graphite-3.1.2.jar jackson-core-2.6.5.jar jackson-module-scala_2.11-2.6.5.jar jackson-module-paranamer-2.6.5.jar ivy-2.4.0.jar oro-2.0.8.jar pyrolite-4.9.jar py4j-0.10.1.jar spark-sql_2.11-2.0.0.jar univocity-parsers-2.1.1.jar spark-sketch_2.11-2.0.0.jar spark-catalyst_2.11-2.0.0.jar parquet-column-1.7.0.jar parquet-common-1.7.0.jar parquet-encoding-1.7.0.jar parquet-generator-1.7.0.jar parquet-hadoop-1.7.0.jar parquet-format-2.3.0-incubating.jar parquet-jackson-1.7.0.jar spark-hive_2.11-2.0.0.jar parquet-hadoop-bundle-1.6.0.jar hive-exec-1.2.1.spark2.jar javolution-5.5.1.jar apache-log4j-extras-1.2.17.jar antlr-runtime-3.4.jar stringtemplate-3.2.1.jar antlr-2.7.7.jar ST4-4.0.4.jar xz-1.0.jar jodd-core-3.5.2.jar datanucleus-core-3.2.10.jar calcite-avatica-1.2.0-incubating.jar JavaEWAH-0.3.2.jar snappy-0.2.jar json-20090211.jar stax-api-1.0.1.jar opencsv-2.3.jar jline-2.12.jar hive-metastore-1.2.1.spark2.jar bonecp-0.8.0.RELEASE.jar commons-logging-1.1.3.jar derby-10.10.2.0.jar datanucleus-api-jdo-3.2.6.jar datanucleus-rdbms-3.2.9.jar commons-pool-1.5.4.jar commons-dbcp-1.4.jar jdo-api-3.0.1.jar jta-1.1.jar calcite-core-1.2.0-incubating.jar calcite-linq4j-1.2.0-incubating.jar eigenbase-properties-1.1.5.jar commons-compiler-2.7.6.jar httpclient-4.5.2.jar httpcore-4.4.4.jar joda-time-2.9.3.jar libthrift-0.9.2.jar libfb303-0.9.2.jar janino-2.7.8.jar antlr4-runtime-4.5.3.jar</classpath>
        <delimiters-pattern>\$\{(.+?)\}|@(.+?)@</delimiters-pattern>
        <model-map>
          <entry key="artifactId" value="FullTextSearch" />
          <entry key="build.directory" value="/home/cuiguangfan/IdeaProjects/FullTextSearch/target" />
          <entry key="build.finalName" value="FullTextSearch-1.0-SNAPSHOT" />
          <entry key="build.outputDirectory" value="/home/cuiguangfan/IdeaProjects/FullTextSearch/target/classes" />
          <entry key="build.plugin.maven-ear-plugin.skinnyWars" value="false" />
          <entry key="build.scriptSourceDirectory" value="/home/cuiguangfan/IdeaProjects/FullTextSearch/src/main/scripts" />
          <entry key="build.sourceDirectory" value="/home/cuiguangfan/IdeaProjects/FullTextSearch/src/main/scala" />
          <entry key="build.testOutputDirectory" value="/home/cuiguangfan/IdeaProjects/FullTextSearch/target/test-classes" />
          <entry key="build.testSourceDirectory" value="/home/cuiguangfan/IdeaProjects/FullTextSearch/src/test/scala" />
          <entry key="description" value="My wonderfull scala app" />
          <entry key="groupId" value="FullTextSearch" />
          <entry key="inceptionYear" value="2015" />
          <entry key="modelVersion" value="4.0.0" />
          <entry key="name" value="FullTextSearch" />
          <entry key="packaging" value="jar" />
          <entry key="pomFile" value="/home/cuiguangfan/IdeaProjects/FullTextSearch/pom.xml" />
          <entry key="reporting.outputDirectory" value="/home/cuiguangfan/IdeaProjects/FullTextSearch/target/site" />
          <entry key="version" value="1.0-SNAPSHOT" />
        </model-map>
        <properties>
          <entry key="encoding" value="UTF-8" />
          <entry key="java.home" value="/usr/lib/java/jdk1.8.0_91/jre" />
          <entry key="java.version" value="java version &quot;1.8.0_91&quot;" />
          <entry key="maven.compiler.source" value="1.8" />
          <entry key="maven.compiler.target" value="1.8" />
          <entry key="scala.compat.version" value="2.11" />
          <entry key="scala.version" value="2.11.8" />
          <entry key="settings.localRepository" value="/home/cuiguangfan/.m2/repository" />
        </properties>
        <filtering-excluded-extensions />
        <option name="escapeString" />
        <option name="escapeWindowsPaths" value="true" />
        <option name="overwrite" value="false" />
        <option name="outputDirectory" />
        <option name="testOutputDirectory" />
        <resources>
          <resource filtered="false">
            <directory>/home/cuiguangfan/IdeaProjects/FullTextSearch/src/main/resources</directory>
            <targetPath />
            <includes />
            <excludes />
          </resource>
          <resource filtered="false">
            <directory>/home/cuiguangfan/IdeaProjects/FullTextSearch/src/main/java</directory>
            <targetPath>/home/cuiguangfan/IdeaProjects/FullTextSearch/target/classes</targetPath>
            <includes />
            <excludes>
              <pattern value="**/*.aj" />
              <pattern value="**/*.class" />
              <pattern value="**/*.clj" />
              <pattern value="**/*.flex" />
              <pattern value="**/*.form" />
              <pattern value="**/*.groovy" />
              <pattern value="**/*.java" />
              <pattern value="**/*.kt" />
              <pattern value="**/*.scala" />
            </excludes>
          </resource>
        </resources>
        <test-resources>
          <resource filtered="false">
            <directory>/home/cuiguangfan/IdeaProjects/FullTextSearch/src/test/resources</directory>
            <targetPath />
            <includes />
            <excludes />
          </resource>
        </test-resources>
      </MavenModuleResourceConfiguration>
    </maven-module>
  </resource-processing>
  <web-artifact-cfg />
  <ejb-client-artifact-cfg />
</maven-project-configuration>

